Year_Week,DEM,REP,Cumulative_DEM,Cumulative_REP,Total_Cumulative,Dem_Ratio,Rep_Ratio,Segment
2021-W01,1101.0,0.0,1101.0,0.0,1101.0,1.0,0.0,All
2021-W02,472.0,0.0,1573.0,0.0,1573.0,1.0,0.0,All
2021-W03,985.0,0.0,2558.0,0.0,2558.0,1.0,0.0,All
2021-W04,263.0,0.0,2821.0,0.0,2821.0,1.0,0.0,All
2021-W06,50.0,0.0,2871.0,0.0,2871.0,1.0,0.0,All
2021-W07,10.0,0.0,2881.0,0.0,2881.0,1.0,0.0,All
2021-W08,66.0,0.0,2947.0,0.0,2947.0,1.0,0.0,All
2021-W10,50.0,0.0,2997.0,0.0,2997.0,1.0,0.0,All
2021-W12,56.0,0.0,3053.0,0.0,3053.0,1.0,0.0,All
2021-W13,0.0,8700.0,3053.0,8700.0,11753.0,0.2597634646473241,0.7402365353526759,All
2021-W14,61.0,0.0,3114.0,8700.0,11814.0,0.26358557643473846,0.7364144235652615,All
2021-W15,556.0,0.0,3670.0,8700.0,12370.0,0.29668552950687144,0.7033144704931286,All
2021-W16,146.0,5800.0,3816.0,14500.0,18316.0,0.20834243284559947,0.7916575671544005,All
2021-W17,153.0,0.0,3969.0,14500.0,18469.0,0.2149006443229195,0.7850993556770806,All
2021-W18,17.0,0.0,3986.0,14500.0,18486.0,0.21562263334415233,0.7843773666558477,All
2021-W19,50.0,0.0,4036.0,14500.0,18536.0,0.21773845489857574,0.7822615451014242,All
2021-W20,623.0,0.0,4659.0,14500.0,19159.0,0.24317553108199802,0.756824468918002,All
2021-W21,8.0,0.0,4667.0,14500.0,19167.0,0.24349141754056453,0.7565085824594355,All
2021-W23,50.0,0.0,4717.0,14500.0,19217.0,0.2454597491804132,0.7545402508195869,All
2021-W25,61.0,0.0,4778.0,14500.0,19278.0,0.24784728706297335,0.7521527129370267,All
2021-W27,50.0,0.0,4828.0,14500.0,19328.0,0.2497930463576159,0.7502069536423841,All
2021-W29,53.0,0.0,4881.0,14500.0,19381.0,0.25184459006243226,0.7481554099375677,All
2021-W30,8.0,0.0,4889.0,14500.0,19389.0,0.2521532827892104,0.7478467172107897,All
2021-W32,50.0,0.0,4939.0,14500.0,19439.0,0.2540768558053398,0.7459231441946602,All
2021-W33,48.0,0.0,4987.0,14500.0,19487.0,0.2559141992097296,0.7440858007902704,All
2021-W34,13.0,0.0,5000.0,14500.0,19500.0,0.2564102564102564,0.7435897435897436,All
2021-W36,50.0,0.0,5050.0,14500.0,19550.0,0.25831202046035806,0.7416879795396419,All
2021-W38,93.0,0.0,5143.0,14500.0,19643.0,0.2618235503741791,0.7381764496258209,All
2021-W41,50.0,0.0,5193.0,14500.0,19693.0,0.263697760625603,0.736302239374397,All
2021-W42,85.0,0.0,5278.0,14500.0,19778.0,0.2668621700879765,0.7331378299120235,All
2021-W43,8.0,0.0,5286.0,14500.0,19786.0,0.2671585969877691,0.7328414030122309,All
2021-W45,50.0,0.0,5336.0,14500.0,19836.0,0.26900584795321636,0.7309941520467836,All
2021-W47,93.0,0.0,5429.0,14500.0,19929.0,0.27241708063625875,0.7275829193637413,All
2021-W49,50.0,0.0,5479.0,14500.0,19979.0,0.2742379498473397,0.7257620501526603,All
2021-W51,1093.0,0.0,6572.0,14500.0,21072.0,0.3118830675778284,0.6881169324221716,All
2022-W01,5.0,0.0,6577.0,14500.0,21077.0,0.3120463064003416,0.6879536935996584,All
2022-W02,125.0,0.0,6702.0,14500.0,21202.0,0.316102254504292,0.6838977454957079,All
2022-W03,53.0,0.0,6755.0,14500.0,21255.0,0.3178075746883086,0.6821924253116913,All
2022-W04,40.0,100.0,6795.0,14600.0,21395.0,0.3175975695255901,0.68240243047441,All
2022-W05,50.0,0.0,6845.0,14600.0,21445.0,0.3191886220564234,0.6808113779435766,All
2022-W06,50.0,0.0,6895.0,14600.0,21495.0,0.3207722726215399,0.6792277273784602,All
2022-W08,93.0,0.0,6988.0,14600.0,21588.0,0.32369835093570504,0.676301649064295,All
2022-W09,0.0,12900.0,6988.0,27500.0,34488.0,0.20262120157736024,0.7973787984226398,All
2022-W10,50.0,0.0,7038.0,27500.0,34538.0,0.20377555156639066,0.7962244484336094,All
2022-W12,93.0,0.0,7131.0,27500.0,34631.0,0.20591377667407815,0.7940862233259218,All
2022-W14,237.0,0.0,7368.0,27500.0,34868.0,0.21131123092807158,0.7886887690719284,All
2022-W15,50.0,0.0,7418.0,27500.0,34918.0,0.21244057506157282,0.7875594249384271,All
2022-W16,175.0,0.0,7593.0,27500.0,35093.0,0.21636793662553785,0.7836320633744621,All
2022-W17,8.0,0.0,7601.0,27500.0,35101.0,0.21654653713569413,0.7834534628643058,All
2022-W19,80.0,0.0,7681.0,27500.0,35181.0,0.21832807481310934,0.7816719251868907,All
2022-W20,80.0,0.0,7761.0,27500.0,35261.0,0.22010152860100393,0.779898471398996,All
2022-W21,13.0,1011.0,7774.0,28511.0,36285.0,0.21424831197464517,0.7857516880253548,All
2022-W23,50.0,0.0,7824.0,28511.0,36335.0,0.21532957203797992,0.7846704279620201,All
2022-W25,870.0,0.0,8694.0,28511.0,37205.0,0.2336782690498589,0.7663217309501411,All
2022-W29,85.0,0.0,8779.0,28511.0,37290.0,0.23542504692947172,0.7645749530705283,All
2022-W30,8.0,0.0,8787.0,28511.0,37298.0,0.23558903962678965,0.7644109603732103,All
2022-W31,0.0,1000.0,8787.0,29511.0,38298.0,0.2294375685414382,0.7705624314585618,All
2022-W32,2900.0,8700.0,11687.0,38211.0,49898.0,0.23421780432081446,0.7657821956791855,All
2022-W34,61.0,0.0,11748.0,38211.0,49959.0,0.23515282531675974,0.7648471746832403,All
2022-W38,21.0,0.0,11769.0,38211.0,49980.0,0.23547418967587036,0.7645258103241297,All
2022-W39,8.0,1500.0,11777.0,39711.0,51488.0,0.22873290863890616,0.7712670913610938,All
2022-W40,500.0,250.0,12277.0,39961.0,52238.0,0.23502048317316895,0.7649795168268311,All
2022-W42,5721.0,0.0,17998.0,39961.0,57959.0,0.3105298573129281,0.6894701426870719,All
2022-W43,258.0,5350.0,18256.0,45311.0,63567.0,0.2871930404140513,0.7128069595859486,All
2022-W44,2900.0,50.0,21156.0,45361.0,66517.0,0.3180540313002691,0.6819459686997309,All
2022-W45,1000.0,4832.0,22156.0,50193.0,72349.0,0.3062378194584583,0.6937621805415417,All
2022-W46,6100.0,10117.0,28256.0,60310.0,88566.0,0.31903890883634806,0.680961091163652,All
2022-W47,24.0,4004.0,28280.0,64314.0,92594.0,0.3054193576257641,0.6945806423742359,All
2022-W48,2900.0,3929.0,31180.0,68243.0,99423.0,0.3136095269706205,0.6863904730293795,All
2022-W49,0.0,5704.0,31180.0,73947.0,105127.0,0.2965936438783566,0.7034063561216434,All
2022-W50,20300.0,2304.0,51480.0,76251.0,127731.0,0.4030345021960213,0.5969654978039787,All
2022-W51,8766.0,3625.0,60246.0,79876.0,140122.0,0.4299538973180514,0.5700461026819486,All
2022-W52,16606.0,7903.0,76852.0,87779.0,164631.0,0.4668136620685047,0.5331863379314953,All
2023-W01,159302.0,161118.0,236154.0,248897.0,485051.0,0.4868642678811094,0.5131357321188906,All
2023-W02,492831.0,159475.0,728985.0,408372.0,1137357.0,0.6409465101986448,0.35905348980135526,All
2023-W03,395284.0,139111.0,1124269.0,547483.0,1671752.0,0.6725094391991157,0.32749056080088434,All
2023-W04,697735.0,186107.0,1822004.0,733590.0,2555594.0,0.7129473617483841,0.28705263825161587,All
2023-W05,667705.0,198786.0,2489709.0,932376.0,3422085.0,0.7275415426560123,0.27245845734398766,All
2023-W06,687516.0,371294.0,3177225.0,1303670.0,4480895.0,0.7090603551299461,0.29093964487005386,All
2023-W07,778235.0,328275.0,3955460.0,1631945.0,5587405.0,0.707924340548072,0.29207565945192804,All
2023-W08,949313.0,516827.0,4904773.0,2148772.0,7053545.0,0.6953628281949006,0.3046371718050994,All
2023-W09,1189154.0,412520.0,6093927.0,2561292.0,8655219.0,0.7040754254745027,0.29592457452549725,All
2023-W10,1105417.0,506287.0,7199344.0,3067579.0,10266923.0,0.7012172975291623,0.29878270247083766,All
2023-W11,1187953.0,724179.0,8387297.0,3791758.0,12179055.0,0.6886656641258292,0.31133433587417086,All
2023-W12,1316588.0,458246.0,9703885.0,4250004.0,13953889.0,0.6954251248522902,0.3045748751477097,All
2023-W13,3197014.0,1050138.0,12900899.0,5300142.0,18201041.0,0.7088000625898266,0.2911999374101734,All
2023-W14,612866.0,493325.0,13513765.0,5793467.0,19307232.0,0.6999328023820297,0.3000671976179703,All
2023-W15,920094.0,1097480.0,14433859.0,6890947.0,21324806.0,0.6768576933361082,0.3231423066638918,All
2023-W16,719026.0,501569.0,15152885.0,7392516.0,22545401.0,0.6721053664115355,0.32789463358846443,All
2023-W17,1528082.0,695945.0,16680967.0,8088461.0,24769428.0,0.6734498269398873,0.32655017306011264,All
2023-W18,1171687.0,493263.0,17852654.0,8581724.0,26434378.0,0.675357445520375,0.324642554479625,All
2023-W19,1060860.0,588391.0,18913514.0,9170115.0,28083629.0,0.6734711528912449,0.32652884710875507,All
2023-W20,1047765.0,503107.0,19961279.0,9673222.0,29634501.0,0.6735824234057459,0.32641757659425413,All
2023-W21,1211170.0,1332531.0,21172449.0,11005753.0,32178202.0,0.6579748924442702,0.3420251075557298,All
2023-W22,1290561.0,700889.0,22463010.0,11706642.0,34169652.0,0.6573965107985297,0.3426034892014704,All
2023-W23,1351713.0,661163.0,23814723.0,12367805.0,36182528.0,0.6581829495164074,0.3418170504835925,All
2023-W24,1262843.0,881116.0,25077566.0,13248921.0,38326487.0,0.6543142344353137,0.3456857655646864,All
2023-W25,1577917.0,804459.0,26655483.0,14053380.0,40708863.0,0.6547832839251737,0.34521671607482624,All
2023-W26,3438220.0,1845619.0,30093703.0,15898999.0,45992702.0,0.6543147432390469,0.3456852567609531,All
2023-W27,629344.0,435543.0,30723047.0,16334542.0,47057589.0,0.6528818762899221,0.3471181237100779,All
2023-W28,873316.0,713803.0,31596363.0,17048345.0,48644708.0,0.6495334086495081,0.3504665913504918,All
2023-W29,1199162.0,698264.0,32795525.0,17746609.0,50542134.0,0.6488749564867997,0.3511250435132003,All
2023-W30,1441411.0,646072.0,34236936.0,18392681.0,52629617.0,0.6505260336589567,0.3494739663410433,All
2023-W31,1061182.0,703491.0,35298118.0,19096172.0,54394290.0,0.6489305770881466,0.35106942291185345,All
2023-W32,978898.0,734199.0,36277016.0,19830371.0,56107387.0,0.6465639898717793,0.35343601012822073,All
2023-W33,959823.0,795570.0,37236839.0,20625941.0,57862780.0,0.643536985260646,0.35646301473935404,All
2023-W34,1016336.0,817501.0,38253175.0,21443442.0,59696617.0,0.6407930117715046,0.35920698822849545,All
2023-W35,1088851.0,699680.0,39342026.0,22143122.0,61485148.0,0.6398622639730818,0.36013773602691823,All
2023-W36,1028322.0,856741.0,40370348.0,22999863.0,63370211.0,0.637055603302315,0.36294439669768497,All
2023-W37,1288937.0,779159.0,41659285.0,23779022.0,65438307.0,0.6366192358857939,0.36338076411420606,All
2023-W38,1689876.0,998661.0,43349161.0,24777683.0,68126844.0,0.6363007363147484,0.3636992636852516,All
2023-W39,3702023.0,2010791.0,47051184.0,26788474.0,73839658.0,0.6372075016923833,0.36279249830761673,All
2023-W40,1099324.0,555633.0,48150508.0,27344107.0,75494615.0,0.6378005636560965,0.36219943634390345,All
2023-W41,1199278.0,725949.0,49349786.0,28070056.0,77419842.0,0.6374307248004976,0.3625692751995025,All
2023-W42,1221141.0,1087157.0,50570927.0,29157213.0,79728140.0,0.6342920705286741,0.3657079294713259,All
2023-W43,1324809.0,821802.0,51895736.0,29979015.0,81874751.0,0.633842978038492,0.366157021961508,All
2023-W44,1590355.0,938984.0,53486091.0,30917999.0,84404090.0,0.6336907488724777,0.3663092511275224,All
2023-W45,2141763.0,1420553.0,55627854.0,32338552.0,87966406.0,0.6323761141270225,0.36762388587297745,All
2023-W46,1891858.0,989374.0,57519712.0,33327926.0,90847638.0,0.6331448265061113,0.36685517349388874,All
2023-W47,1297409.0,1162189.0,58817121.0,34490115.0,93307236.0,0.6303596968620955,0.3696403031379045,All
2023-W48,2657010.0,1325034.0,61474131.0,35815149.0,97289280.0,0.6318695235487404,0.36813047645125957,All
2023-W49,2371909.0,1202296.0,63846040.0,37017445.0,100863485.0,0.6329945866930932,0.36700541330690684,All
2023-W50,2539990.0,1093890.0,66386030.0,38111335.0,104497365.0,0.6352890333646212,0.3647109666353788,All
2023-W51,2766564.0,1338330.0,69152594.0,39449665.0,108602259.0,0.6367509721874202,0.36324902781257984,All
2023-W52,3412628.0,1960440.0,72565222.0,41410105.0,113975327.0,0.6366748305095892,0.3633251694904108,All
2024-W01,2627310.0,1045538.0,75192532.0,42455643.0,117648175.0,0.6391304582497773,0.3608695417502226,All
2024-W02,1782427.0,976598.0,76974959.0,43432241.0,120407200.0,0.639288672105987,0.360711327894013,All
2024-W03,1908110.0,853577.0,78883069.0,44285818.0,123168887.0,0.6404463896795625,0.3595536103204375,All
2024-W04,2467575.0,1240328.0,81350644.0,45526146.0,126876790.0,0.6411782958884757,0.35882170411152425,All
2024-W05,2686509.0,966710.0,84037153.0,46492856.0,130530009.0,0.6438148104318295,0.35618518956817047,All
2024-W06,3004051.0,1200920.0,87041204.0,47693776.0,134734980.0,0.6460178641062625,0.35398213589373745,All
2024-W07,2435992.0,1616052.0,89477196.0,49309828.0,138787024.0,0.644708658065901,0.35529134193409895,All
2024-W08,2607241.0,1357286.0,92084437.0,50667114.0,142751551.0,0.6450678563905761,0.3549321436094239,All
2024-W09,3564059.0,1457244.0,95648496.0,52124358.0,147772854.0,0.647267027812835,0.35273297218716504,All
2024-W10,4940635.0,1858324.0,100589131.0,53982682.0,154571813.0,0.6507598574909644,0.34924014250903557,All
2024-W11,3139270.0,1185706.0,103728401.0,55168388.0,158896789.0,0.6528036321740901,0.34719636782590996,All
2024-W12,3481316.0,1433855.0,107209717.0,56602243.0,163811960.0,0.6544681902347057,0.3455318097652943,All
2024-W13,6141838.0,2406138.0,113351555.0,59008381.0,172359936.0,0.657644448185453,0.34235555181454697,All
2024-W14,2455916.0,856777.0,115807471.0,59865158.0,175672629.0,0.6592231906542482,0.3407768093457519,All
2024-W15,2716468.0,1079058.0,118523939.0,60944216.0,179468155.0,0.660417660169293,0.339582339830707,All
2024-W16,3015986.0,1102559.0,121539925.0,62046775.0,183586700.0,0.6620301198289419,0.33796988017105817,All
2024-W17,3254921.0,1130720.0,124794846.0,63177495.0,187972341.0,0.6639000468691295,0.3360999531308705,All
2024-W18,3507830.0,1255635.0,128302676.0,64433130.0,192735806.0,0.665691957622031,0.33430804237796896,All
2024-W19,2781559.0,904523.0,131084235.0,65337653.0,196421888.0,0.6673606303998055,0.33263936960019447,All
2024-W20,3214378.0,1281773.0,134298613.0,66619426.0,200918039.0,0.6684248645289634,0.3315751354710365,All
2024-W21,3151697.0,1604294.0,137450310.0,68223720.0,205674030.0,0.6682920055585044,0.3317079944414956,All
2024-W22,4150252.0,1334394.0,141600562.0,69558114.0,211158676.0,0.6705884156992915,0.32941158430070855,All
2024-W23,4077915.0,1696893.0,145678477.0,71255007.0,216933484.0,0.6715352296651448,0.32846477033485527,All
2024-W24,4008850.0,1444169.0,149687327.0,72699176.0,222386503.0,0.6730953766560195,0.32690462334398057,All
2024-W25,4598250.0,1422024.0,154285577.0,74121200.0,228406777.0,0.6754859861272855,0.32451401387271445,All
2024-W26,10094320.0,2167094.0,164379897.0,76288294.0,240668191.0,0.6830146365291789,0.3169853634708211,All
2024-W27,3587556.0,1124847.0,167967453.0,77413141.0,245380594.0,0.684518079697859,0.31548192030214095,All
2024-W28,3887178.0,1067119.0,171854631.0,78480260.0,250334891.0,0.686498914767738,0.31350108523226194,All
2024-W29,7886964.0,1334813.0,179741595.0,79815073.0,259556668.0,0.6924946154725642,0.3075053845274358,All
2024-W30,11825305.0,1764789.0,191566900.0,81579862.0,273146762.0,0.7013332268606575,0.2986667731393426,All
2024-W31,8875555.0,2389489.0,200442455.0,83969351.0,284411806.0,0.7047613733728058,0.29523862662719424,All
2024-W32,8847612.0,1631909.0,209290067.0,85601260.0,294891327.0,0.7097193027992986,0.2902806972007013,All
2024-W33,7283336.0,1856096.0,216573403.0,87457356.0,304030759.0,0.7123404346071445,0.28765956539285553,All
2024-W34,9435673.0,1676376.0,226009076.0,89133732.0,315142808.0,0.7171639975994629,0.2828360024005371,All
2024-W35,9355184.0,2347156.0,235364260.0,91480888.0,326845148.0,0.7201093895388039,0.2798906104611961,All
2024-W36,8413635.0,2062711.0,243777895.0,93543599.0,337321494.0,0.722687108103464,0.27731289189653596,All
2024-W37,11557900.0,2107179.0,255335795.0,95650778.0,350986573.0,0.7274802361171805,0.2725197638828195,All
2024-W38,10756627.0,2455002.0,266092422.0,98105780.0,364198202.0,0.7306253038558383,0.26937469614416165,All
2024-W39,12093088.0,2977725.0,278185510.0,101083505.0,379269015.0,0.7334780828325773,0.2665219171674227,All
2024-W40,12206375.0,3758853.0,290391885.0,104842358.0,395234243.0,0.7347336171982446,0.26526638280175535,All
2024-W41,11655029.0,3128232.0,302046914.0,107970590.0,410017504.0,0.7366683398960451,0.263331660103955,All
2024-W42,12449815.0,4253116.0,314496729.0,112223706.0,426720435.0,0.7370088310863294,0.26299116891367064,All
2024-W43,12038049.0,3747520.0,326534778.0,115971226.0,442506004.0,0.7379216893066156,0.2620783106933844,All
2024-W44,12919309.0,4018287.0,339454087.0,119989513.0,459443600.0,0.7388373393382779,0.2611626606617221,All
2024-W45,2747972.0,2572561.0,342202059.0,122562074.0,464764133.0,0.7362918837801109,0.2637081162198891,All
2024-W46,363079.0,386854.0,342565138.0,122948928.0,465514066.0,0.7358856864273571,0.2641143135726429,All
2024-W47,396556.0,331633.0,342961694.0,123280561.0,466242255.0,0.7355868978456275,0.2644131021543725,All
2024-W48,565316.0,514977.0,343527010.0,123795538.0,467322548.0,0.735096158895376,0.26490384110462395,All
2024-W49,169068.0,262201.0,343696078.0,124057739.0,467753817.0,0.7347798468098872,0.26522015319011283,All
2024-W50,294390.0,345776.0,343990468.0,124403515.0,468393983.0,0.7344041138120256,0.26559588618797436,All
2024-W51,169377.0,279695.0,344159845.0,124683210.0,468843055.0,0.7340619453134483,0.2659380546865518,All
2024-W52,140206.0,233458.0,344300051.0,124916668.0,469216719.0,0.7337761785934998,0.26622382140650025,All
2025-W01,83608.0,156145.0,344383659.0,125072813.0,469456472.0,0.7335795319485978,0.26642046805140224,All
2025-W02,192526.0,227167.0,344576185.0,125299980.0,469876165.0,0.7333340370648509,0.2666659629351491,All
2025-W03,284602.0,294490.0,344860787.0,125594470.0,470455257.0,0.7330363129516481,0.266963687048352,All
2025-W04,358114.0,239134.0,345218901.0,125833604.0,471052505.0,0.7328671376028454,0.26713286239715467,All
2025-W05,588515.0,383456.0,345807416.0,126217060.0,472024476.0,0.7326048406015284,0.2673951593984715,All
2025-W06,672387.0,432324.0,346479803.0,126649384.0,473129187.0,0.7323154278368373,0.2676845721631627,All
2025-W07,611756.0,334355.0,347091559.0,126983739.0,474075298.0,0.7321443670747848,0.2678556329252152,All
2025-W08,789522.0,436062.0,347881081.0,127419801.0,475300882.0,0.7319176003548843,0.26808239964511577,All
2025-W09,1121216.0,439187.0,349002297.0,127858988.0,476861285.0,0.7318738341276751,0.2681261658723249,All
2025-W10,1070710.0,520797.0,350073007.0,128379785.0,478452792.0,0.7316772163386184,0.26832278366138157,All
2025-W11,1125425.0,511548.0,351198432.0,128891333.0,480089765.0,0.7315265969063098,0.2684734030936902,All
2025-W12,1461063.0,677340.0,352659495.0,129568673.0,482228168.0,0.7313125163605125,0.2686874836394874,All
2025-W13,2236445.0,1308818.0,354895940.0,130877491.0,485773431.0,0.730579149356565,0.2694208506434351,All
2025-W14,2126299.0,1220547.0,357022239.0,132098038.0,489120277.0,0.7299272914829495,0.2700727085170505,All
2025-W15,548609.0,680595.0,357570848.0,132778633.0,490349481.0,0.7292163280580692,0.27078367194193076,All
2025-W16,651538.0,494763.0,358222386.0,133273396.0,491495782.0,0.7288412212660658,0.2711587787339343,All
2025-W17,874967.0,665922.0,359097353.0,133939318.0,493036671.0,0.7283380205201816,0.27166197947981846,All
2025-W18,815741.0,437043.0,359913094.0,134376361.0,494289455.0,0.7281423675121695,0.27185763248783046,All
2025-W19,918438.0,349855.0,360831532.0,134726216.0,495557748.0,0.7281321570619455,0.2718678429380545,All
2025-W20,1008352.0,398019.0,361839884.0,135124235.0,496964119.0,0.7281006216869351,0.2718993783130649,All
2025-W21,1115657.0,387948.0,362955541.0,135512183.0,498467724.0,0.7281425125932527,0.2718574874067473,All
2025-W22,903157.0,398755.0,363858698.0,135910938.0,499769636.0,0.7280528303244097,0.2719471696755903,All
2025-W23,975068.0,444997.0,364833766.0,136355935.0,501189701.0,0.7279354808609685,0.27206451913903157,All
2025-W24,1066049.0,495299.0,365899815.0,136851234.0,502751049.0,0.727795229324325,0.2722047706756749,All
2025-W25,1389280.0,729135.0,367289095.0,137580369.0,504869464.0,0.7274931862387304,0.27250681376126956,All
2025-W26,1932381.0,1029682.0,369221476.0,138610051.0,507831527.0,0.7270550494987288,0.27294495050127127,All
2025-W27,1701275.0,648153.0,370922751.0,139258204.0,510180955.0,0.7270415474446709,0.27295845255532913,All
2025-W28,18823.0,32564.0,370941574.0,139290768.0,510232342.0,0.7270052159884447,0.27299478401155525,All
2025-W29,10176.0,82424.0,370951750.0,139373192.0,510324942.0,0.7268932389355957,0.27310676106440435,All
2025-W30,5267.0,73655.0,370957017.0,139446847.0,510403864.0,0.7267911612048454,0.27320883879515456,All
2025-W31,2850.0,29429.0,370959867.0,139476276.0,510436143.0,0.7267507837900107,0.27324921620998927,All
2025-W32,10000.0,30605.0,370969867.0,139506881.0,510476748.0,0.7267125651725082,0.2732874348274919,All
2025-W33,3120.0,32294.0,370972987.0,139539175.0,510512162.0,0.7266682649570256,0.27333173504297437,All
2025-W34,3217.0,98165.0,370976204.0,139637340.0,510613544.0,0.7265302856909726,0.2734697143090274,All
2025-W35,5562.0,27840.0,370981766.0,139665180.0,510646946.0,0.7264936545806738,0.27350634541932617,All
2025-W36,4317.0,6050.0,370986083.0,139671230.0,510657313.0,0.7264873596356388,0.2735126403643611,All
2025-W37,8100.0,8250.0,370994183.0,139679480.0,510673663.0,0.7264799614308678,0.27352003856913215,All
2025-W38,3810.0,250.0,370997993.0,139679730.0,510677723.0,0.7264816464296798,0.2735183535703201,All
2021-W01,203.0,0.0,203.0,0.0,203.0,1.0,0.0,Small
2021-W02,74.0,0.0,277.0,0.0,277.0,1.0,0.0,Small
2021-W03,57.0,0.0,334.0,0.0,334.0,1.0,0.0,Small
2021-W04,34.0,0.0,368.0,0.0,368.0,1.0,0.0,Small
2021-W08,8.0,0.0,376.0,0.0,376.0,1.0,0.0,Small
2021-W12,8.0,0.0,384.0,0.0,384.0,1.0,0.0,Small
2021-W15,4.0,0.0,388.0,0.0,388.0,1.0,0.0,Small
2021-W16,17.0,0.0,405.0,0.0,405.0,1.0,0.0,Small
2021-W17,20.0,0.0,425.0,0.0,425.0,1.0,0.0,Small
2021-W18,17.0,0.0,442.0,0.0,442.0,1.0,0.0,Small
2021-W20,45.0,0.0,487.0,0.0,487.0,1.0,0.0,Small
2021-W21,8.0,0.0,495.0,0.0,495.0,1.0,0.0,Small
2021-W25,8.0,0.0,503.0,0.0,503.0,1.0,0.0,Small
2021-W30,8.0,0.0,511.0,0.0,511.0,1.0,0.0,Small
2021-W34,8.0,0.0,519.0,0.0,519.0,1.0,0.0,Small
2021-W38,8.0,0.0,527.0,0.0,527.0,1.0,0.0,Small
2021-W43,8.0,0.0,535.0,0.0,535.0,1.0,0.0,Small
2021-W47,8.0,0.0,543.0,0.0,543.0,1.0,0.0,Small
2021-W51,8.0,0.0,551.0,0.0,551.0,1.0,0.0,Small
2022-W01,5.0,0.0,556.0,0.0,556.0,1.0,0.0,Small
2022-W02,75.0,0.0,631.0,0.0,631.0,1.0,0.0,Small
2022-W04,8.0,0.0,639.0,0.0,639.0,1.0,0.0,Small
2022-W08,8.0,0.0,647.0,0.0,647.0,1.0,0.0,Small
2022-W12,8.0,0.0,655.0,0.0,655.0,1.0,0.0,Small
2022-W14,60.0,0.0,715.0,0.0,715.0,1.0,0.0,Small
2022-W17,8.0,0.0,723.0,0.0,723.0,1.0,0.0,Small
2022-W19,30.0,0.0,753.0,0.0,753.0,1.0,0.0,Small
2022-W21,8.0,333.0,761.0,333.0,1094.0,0.6956124314442413,0.30438756855575866,Small
2022-W25,35.0,0.0,796.0,333.0,1129.0,0.7050487156775908,0.2949512843224092,Small
2022-W30,8.0,0.0,804.0,333.0,1137.0,0.7071240105540897,0.2928759894459103,Small
2022-W34,8.0,0.0,812.0,333.0,1145.0,0.7091703056768559,0.2908296943231441,Small
2022-W39,8.0,1500.0,820.0,1833.0,2653.0,0.30908405578590276,0.6909159442140973,Small
2022-W43,8.0,0.0,828.0,1833.0,2661.0,0.3111612175873732,0.6888387824126269,Small
2022-W45,0.0,185.0,828.0,2018.0,2846.0,0.29093464511595224,0.7090653548840478,Small
2022-W46,0.0,6332.0,828.0,8350.0,9178.0,0.09021573327522336,0.9097842667247766,Small
2022-W47,8.0,746.0,836.0,9096.0,9932.0,0.08417237213048731,0.9158276278695127,Small
2022-W48,2900.0,1485.0,3736.0,10581.0,14317.0,0.2609485227352099,0.7390514772647901,Small
2022-W49,0.0,407.0,3736.0,10988.0,14724.0,0.2537353979896767,0.7462646020103233,Small
2022-W50,800.0,810.0,4536.0,11798.0,16334.0,0.2777029508999633,0.7222970491000368,Small
2022-W51,500.0,739.0,5036.0,12537.0,17573.0,0.28657599726853694,0.713424002731463,Small
2022-W52,2532.0,2251.0,7568.0,14788.0,22356.0,0.3385220969762033,0.6614779030237967,Small
2023-W01,18592.0,34629.0,26160.0,49417.0,75577.0,0.3461370522778094,0.6538629477221907,Small
2023-W02,35458.0,29789.0,61618.0,79206.0,140824.0,0.4375532579673919,0.562446742032608,Small
2023-W03,24288.0,29313.0,85906.0,108519.0,194425.0,0.44184647036132185,0.5581535296386781,Small
2023-W04,81750.0,30791.0,167656.0,139310.0,306966.0,0.5461712372054234,0.4538287627945766,Small
2023-W05,53430.0,38078.0,221086.0,177388.0,398474.0,0.5548316828701496,0.4451683171298504,Small
2023-W06,75092.0,164592.0,296178.0,341980.0,638158.0,0.4641139028265727,0.5358860971734273,Small
2023-W07,53016.0,57927.0,349194.0,399907.0,749101.0,0.4661507593769065,0.5338492406230936,Small
2023-W08,74721.0,157810.0,423915.0,557717.0,981632.0,0.43184716879645324,0.5681528312035468,Small
2023-W09,85216.0,57181.0,509131.0,614898.0,1124029.0,0.4529518366519013,0.5470481633480987,Small
2023-W10,59785.0,102645.0,568916.0,717543.0,1286459.0,0.4422340704212105,0.5577659295787896,Small
2023-W11,82539.0,70176.0,651455.0,787719.0,1439174.0,0.45265895576212467,0.5473410442378753,Small
2023-W12,100088.0,82706.0,751543.0,870425.0,1621968.0,0.463352544563148,0.536647455436852,Small
2023-W13,218716.0,103134.0,970259.0,973559.0,1943818.0,0.4991511550978538,0.5008488449021462,Small
2023-W14,58872.0,41975.0,1029131.0,1015534.0,2044665.0,0.5033249945590109,0.49667500544098914,Small
2023-W15,64625.0,93064.0,1093756.0,1108598.0,2202354.0,0.49663042362853566,0.5033695763714644,Small
2023-W16,59525.0,66103.0,1153281.0,1174701.0,2327982.0,0.4953994489648116,0.5046005510351884,Small
2023-W17,164046.0,66634.0,1317327.0,1241335.0,2558662.0,0.5148499489186145,0.4851500510813855,Small
2023-W18,110031.0,61699.0,1427358.0,1303034.0,2730392.0,0.5227666943061655,0.47723330569383443,Small
2023-W19,106035.0,66473.0,1533393.0,1369507.0,2902900.0,0.5282279789176341,0.47177202108236593,Small
2023-W20,106460.0,67320.0,1639853.0,1436827.0,3076680.0,0.5329943315521927,0.4670056684478074,Small
2023-W21,122724.0,202226.0,1762577.0,1639053.0,3401630.0,0.5181565896349691,0.48184341036503087,Small
2023-W22,112361.0,71747.0,1874938.0,1710800.0,3585738.0,0.5228876175559954,0.47711238244400456,Small
2023-W23,95395.0,83489.0,1970333.0,1794289.0,3764622.0,0.5233813647160326,0.4766186352839674,Small
2023-W24,106083.0,107724.0,2076416.0,1902013.0,3978429.0,0.5219185764028967,0.47808142359710326,Small
2023-W25,154530.0,75406.0,2230946.0,1977419.0,4208365.0,0.5301217931429427,0.46987820685705733,Small
2023-W26,241786.0,506649.0,2472732.0,2484068.0,4956800.0,0.49885652033570044,0.5011434796642995,Small
2023-W27,71986.0,70532.0,2544718.0,2554600.0,5099318.0,0.49903104689685956,0.5009689531031405,Small
2023-W28,106992.0,109750.0,2651710.0,2664350.0,5316060.0,0.498811149610802,0.501188850389198,Small
2023-W29,122446.0,97527.0,2774156.0,2761877.0,5536033.0,0.5011090071175515,0.4988909928824485,Small
2023-W30,121195.0,98653.0,2895351.0,2860530.0,5755881.0,0.5030248193108926,0.49697518068910734,Small
2023-W31,103991.0,106144.0,2999342.0,2966674.0,5966016.0,0.5027378404617084,0.49726215953829156,Small
2023-W32,82853.0,106074.0,3082195.0,3072748.0,6154943.0,0.5007674319648452,0.4992325680351548,Small
2023-W33,95941.0,116244.0,3178136.0,3188992.0,6367128.0,0.49914749632801475,0.5008525036719852,Small
2023-W34,129475.0,153378.0,3307611.0,3342370.0,6649981.0,0.4973865338863374,0.5026134661136625,Small
2023-W35,99120.0,109808.0,3406731.0,3452178.0,6858909.0,0.4966870095521022,0.5033129904478978,Small
2023-W36,99538.0,74542.0,3506269.0,3526720.0,7032989.0,0.4985460662600212,0.5014539337399788,Small
2023-W37,148578.0,137478.0,3654847.0,3664198.0,7319045.0,0.49936118714941635,0.5006388128505836,Small
2023-W38,158798.0,126272.0,3813645.0,3790470.0,7604115.0,0.5015238459702411,0.49847615402975887,Small
2023-W39,306712.0,252539.0,4120357.0,4043009.0,8163366.0,0.5047375065628565,0.49526249343714346,Small
2023-W40,115745.0,95090.0,4236102.0,4138099.0,8374201.0,0.5058514836221389,0.494148516377861,Small
2023-W41,131708.0,129133.0,4367810.0,4267232.0,8635042.0,0.5058238280717106,0.4941761719282894,Small
2023-W42,129255.0,136824.0,4497065.0,4404056.0,8901121.0,0.5052245666585141,0.4947754333414859,Small
2023-W43,147677.0,125381.0,4644742.0,4529437.0,9174179.0,0.5062842135519702,0.4937157864480298,Small
2023-W44,167710.0,149095.0,4812452.0,4678532.0,9490984.0,0.50705511672973,0.49294488327027,Small
2023-W45,144448.0,143710.0,4956900.0,4822242.0,9779142.0,0.5068849598461705,0.49311504015382945,Small
2023-W46,150391.0,145191.0,5107291.0,4967433.0,10074724.0,0.5069410338188917,0.4930589661811083,Small
2023-W47,127270.0,103007.0,5234561.0,5070440.0,10305001.0,0.5079631724441366,0.4920368275558634,Small
2023-W48,220625.0,203163.0,5455186.0,5273603.0,10728789.0,0.5084624182654724,0.49153758173452755,Small
2023-W49,201898.0,164418.0,5657084.0,5438021.0,11095105.0,0.5098720561905453,0.49012794380945474,Small
2023-W50,199099.0,114733.0,5856183.0,5552754.0,11408937.0,0.513297864647688,0.48670213535231194,Small
2023-W51,181527.0,145699.0,6037710.0,5698453.0,11736163.0,0.5144534887594864,0.4855465112405136,Small
2023-W52,292878.0,180776.0,6330588.0,5879229.0,12209817.0,0.5184834465577985,0.48151655344220146,Small
2024-W01,260948.0,101143.0,6591536.0,5980372.0,12571908.0,0.5243067321205341,0.47569326787946586,Small
2024-W02,143635.0,166483.0,6735171.0,6146855.0,12882026.0,0.5228347621717268,0.4771652378282733,Small
2024-W03,208803.0,137122.0,6943974.0,6283977.0,13227951.0,0.5249470609620492,0.47505293903795076,Small
2024-W04,232347.0,161668.0,7176321.0,6445645.0,13621966.0,0.5268197703620755,0.4731802296379245,Small
2024-W05,280058.0,124408.0,7456379.0,6570053.0,14026432.0,0.5315948489252291,0.4684051510747708,Small
2024-W06,261762.0,128086.0,7718141.0,6698139.0,14416280.0,0.5353767407403297,0.4646232592596703,Small
2024-W07,246653.0,177968.0,7964794.0,6876107.0,14840901.0,0.5366786019258534,0.4633213980741466,Small
2024-W08,187238.0,130274.0,8152032.0,7006381.0,15158413.0,0.5377892791283626,0.4622107208716374,Small
2024-W09,327990.0,189484.0,8480022.0,7195865.0,15675887.0,0.5409596279942565,0.4590403720057436,Small
2024-W10,482690.0,141696.0,8962712.0,7337561.0,16300273.0,0.5498504227505883,0.45014957724941174,Small
2024-W11,272177.0,150993.0,9234889.0,7488554.0,16723443.0,0.5522121850147724,0.44778781498522763,Small
2024-W12,268723.0,120499.0,9503612.0,7609053.0,17112665.0,0.5553554633366574,0.44464453666334264,Small
2024-W13,520326.0,185761.0,10023938.0,7794814.0,17818752.0,0.5625499473812756,0.4374500526187244,Small
2024-W14,265003.0,125445.0,10288941.0,7920259.0,18209200.0,0.5650408035498539,0.4349591964501461,Small
2024-W15,302988.0,165211.0,10591929.0,8085470.0,18677399.0,0.5670987164754578,0.43290128352454216,Small
2024-W16,228676.0,157456.0,10820605.0,8242926.0,19063531.0,0.5676075958855681,0.4323924041144319,Small
2024-W17,301611.0,154577.0,11122216.0,8397503.0,19519719.0,0.5697938582005202,0.4302061417994798,Small
2024-W18,344363.0,177144.0,11466579.0,8574647.0,20041226.0,0.5721495780747146,0.4278504219252854,Small
2024-W19,247745.0,99816.0,11714324.0,8674463.0,20388787.0,0.5745473725337363,0.42545262746626367,Small
2024-W20,309351.0,147027.0,12023675.0,8821490.0,20845165.0,0.5768088187356636,0.42319118126433636,Small
2024-W21,293033.0,160693.0,12316708.0,8982183.0,21298891.0,0.5782793104110444,0.4217206895889556,Small
2024-W22,566188.0,152235.0,12882896.0,9134418.0,22017314.0,0.5851256879018031,0.4148743120981969,Small
2024-W23,325503.0,204647.0,13208399.0,9339065.0,22547464.0,0.5858041950970628,0.4141958049029372,Small
2024-W24,395490.0,170496.0,13603889.0,9509561.0,23113450.0,0.5885702480590306,0.4114297519409694,Small
2024-W25,417395.0,157157.0,14021284.0,9666718.0,23688002.0,0.591915012502954,0.40808498749704597,Small
2024-W26,958110.0,273416.0,14979394.0,9940134.0,24919528.0,0.6011106630912111,0.39888933690878897,Small
2024-W27,386549.0,159629.0,15365943.0,10099763.0,25465706.0,0.6033974868004838,0.3966025131995162,Small
2024-W28,469276.0,139703.0,15835219.0,10239466.0,26074685.0,0.6073024084471202,0.39269759155287975,Small
2024-W29,1052548.0,166779.0,16887767.0,10406245.0,27294012.0,0.6187352376044973,0.3812647623955027,Small
2024-W30,1470727.0,176528.0,18358494.0,10582773.0,28941267.0,0.6343362230824241,0.36566377691757584,Small
2024-W31,954034.0,237384.0,19312528.0,10820157.0,30132685.0,0.6409162675015518,0.3590837324984481,Small
2024-W32,1134055.0,222214.0,20446583.0,11042371.0,31488954.0,0.6493255698490334,0.3506744301509666,Small
2024-W33,798213.0,230291.0,21244796.0,11272662.0,32517458.0,0.6533350792672662,0.3466649207327338,Small
2024-W34,1154598.0,178800.0,22399394.0,11451462.0,33850856.0,0.6617083479366076,0.33829165206339246,Small
2024-W35,958208.0,314883.0,23357602.0,11766345.0,35123947.0,0.6650050462722769,0.33499495372772314,Small
2024-W36,884105.0,271605.0,24241707.0,12037950.0,36279657.0,0.6681900823924548,0.3318099176075452,Small
2024-W37,1492298.0,290791.0,25734005.0,12328741.0,38062746.0,0.6760942838963852,0.3239057161036148,Small
2024-W38,1200348.0,296821.0,26934353.0,12625562.0,39559915.0,0.6808496175990267,0.3191503824009733,Small
2024-W39,1225199.0,360223.0,28159552.0,12985785.0,41145337.0,0.6843923042846872,0.3156076957153128,Small
2024-W40,1389529.0,494451.0,29549081.0,13480236.0,43029317.0,0.6867197311079792,0.31328026889202076,Small
2024-W41,1597432.0,462264.0,31146513.0,13942500.0,45089013.0,0.690778327749157,0.309221672250843,Small
2024-W42,1920389.0,532288.0,33066902.0,14474788.0,47541690.0,0.6955348453115571,0.30446515468844293,Small
2024-W43,1855936.0,513907.0,34922838.0,14988695.0,49911533.0,0.6996947579229834,0.30030524207701653,Small
2024-W44,2048902.0,557238.0,36971740.0,15545933.0,52517673.0,0.7039866370316903,0.2960133629683097,Small
2024-W45,425649.0,506919.0,37397389.0,16052852.0,53450241.0,0.6996673597786023,0.3003326402213977,Small
2024-W46,23565.0,75763.0,37420954.0,16128615.0,53549569.0,0.6988096206712701,0.30119037932873,Small
2024-W47,41873.0,56669.0,37462827.0,16185284.0,53648111.0,0.6983065442882043,0.30169345571179573,Small
2024-W48,50059.0,106744.0,37512886.0,16292028.0,53804914.0,0.6972018578080061,0.30279814219199386,Small
2024-W49,20578.0,56049.0,37533464.0,16348077.0,53881541.0,0.6965922522520283,0.3034077477479718,Small
2024-W50,38717.0,60124.0,37572181.0,16408201.0,53980382.0,0.6960339962025464,0.3039660037974537,Small
2024-W51,13612.0,52724.0,37585793.0,16460925.0,54046718.0,0.6954315523839949,0.3045684476160051,Small
2024-W52,15705.0,40429.0,37601498.0,16501354.0,54102852.0,0.6950002931453595,0.3049997068546405,Small
2025-W01,6888.0,27154.0,37608386.0,16528508.0,54136894.0,0.6946905007147252,0.30530949928527484,Small
2025-W02,18115.0,51468.0,37626501.0,16579976.0,54206477.0,0.6941329354423826,0.30586706455761736,Small
2025-W03,40329.0,41537.0,37666830.0,16621513.0,54288343.0,0.6938290601354328,0.3061709398645672,Small
2025-W04,46700.0,39977.0,37713530.0,16661490.0,54375020.0,0.6935819058089542,0.3064180941910458,Small
2025-W05,54027.0,69545.0,37767557.0,16731035.0,54498592.0,0.6930006008228616,0.30699939917713837,Small
2025-W06,47330.0,61152.0,37814887.0,16792187.0,54607074.0,0.6924906285951157,0.30750937140488427,Small
2025-W07,59443.0,72053.0,37874330.0,16864240.0,54738570.0,0.6919130331683857,0.30808696683161435,Small
2025-W08,60819.0,54830.0,37935149.0,16919070.0,54854219.0,0.6915630135942689,0.30843698640573114,Small
2025-W09,82498.0,93675.0,38017647.0,17012745.0,55030392.0,0.6908481953026975,0.3091518046973025,Small
2025-W10,84521.0,72941.0,38102168.0,17085686.0,55187854.0,0.6904085815694156,0.3095914184305844,Small
2025-W11,122520.0,73514.0,38224688.0,17159200.0,55383888.0,0.6901770421029307,0.30982295789706926,Small
2025-W12,135391.0,56871.0,38360079.0,17216071.0,55576150.0,0.6902255553866182,0.3097744446133818,Small
2025-W13,201830.0,98850.0,38561909.0,17314921.0,55876830.0,0.6901234196714452,0.3098765803285548,Small
2025-W14,201831.0,82772.0,38763740.0,17397693.0,56161433.0,0.6902199236974598,0.30978007630254023,Small
2025-W15,50247.0,83696.0,38813987.0,17481389.0,56295376.0,0.6894702506294655,0.31052974937053446,Small
2025-W16,63314.0,47334.0,38877301.0,17528723.0,56406024.0,0.6892402307952072,0.31075976920479276,Small
2025-W17,87617.0,83745.0,38964918.0,17612468.0,56577386.0,0.6887012772205489,0.31129872277945114,Small
2025-W18,57568.0,60556.0,39022486.0,17673024.0,56695510.0,0.6882817704611882,0.3117182295388118,Small
2025-W19,81843.0,71396.0,39104329.0,17744420.0,56848749.0,0.6878661305282198,0.3121338694717803,Small
2025-W20,81122.0,85851.0,39185451.0,17830271.0,57015722.0,0.6872744854480665,0.3127255145519336,Small
2025-W21,112909.0,84436.0,39298360.0,17914707.0,57213067.0,0.686877352685882,0.31312264731411793,Small
2025-W22,83188.0,65464.0,39381548.0,17980171.0,57361719.0,0.6865475562195059,0.3134524437804941,Small
2025-W23,79157.0,71473.0,39460705.0,18051644.0,57512349.0,0.6861257744836678,0.31387422551633215,Small
2025-W24,112865.0,84846.0,39573570.0,18136490.0,57710060.0,0.685730876037904,0.31426912396209605,Small
2025-W25,111762.0,81359.0,39685332.0,18217849.0,57903181.0,0.6853739520804565,0.31462604791954346,Small
2025-W26,174067.0,97184.0,39859399.0,18315033.0,58174432.0,0.6851704026951222,0.31482959730487786,Small
2025-W27,142152.0,94725.0,40001551.0,18409758.0,58411309.0,0.6848254504962387,0.31517454950376134,Small
2025-W28,850.0,8501.0,40002401.0,18418259.0,58420660.0,0.6847303847645678,0.3152696152354321,Small
2025-W29,1162.0,10585.0,40003563.0,18428844.0,58432407.0,0.6846126157356482,0.3153873842643518,Small
2025-W30,1150.0,8010.0,40004713.0,18436854.0,58441567.0,0.6845249888662294,0.3154750111337706,Small
2025-W31,200.0,10779.0,40004913.0,18447633.0,58452546.0,0.6843998377760996,0.3156001622239004,Small
2025-W32,0.0,10779.0,40004913.0,18458412.0,58463325.0,0.6842736536110459,0.3157263463889541,Small
2025-W33,150.0,7869.0,40005063.0,18466281.0,58471344.0,0.6841823748740922,0.31581762512590783,Small
2025-W34,1532.0,12418.0,40006595.0,18478699.0,58485294.0,0.6840453772874938,0.3159546227125062,Small
2025-W35,1050.0,7922.0,40007645.0,18486621.0,58494266.0,0.6839584071368636,0.3160415928631364,Small
2025-W36,225.0,1050.0,40007870.0,18487671.0,58495541.0,0.6839473456617831,0.316052654338217,Small
2025-W37,1400.0,2500.0,40009270.0,18490171.0,58499441.0,0.6839256805889821,0.31607431941101793,Small
2025-W38,1725.0,250.0,40010995.0,18490421.0,58501416.0,0.6839320778150053,0.31606792218499463,Small
2021-W01,178.0,0.0,178.0,0.0,178.0,1.0,0.0,Medium
2021-W02,63.0,0.0,241.0,0.0,241.0,1.0,0.0,Medium
2021-W03,92.0,0.0,333.0,0.0,333.0,1.0,0.0,Medium
2021-W04,185.0,0.0,518.0,0.0,518.0,1.0,0.0,Medium
2021-W08,48.0,0.0,566.0,0.0,566.0,1.0,0.0,Medium
2021-W12,48.0,0.0,614.0,0.0,614.0,1.0,0.0,Medium
2021-W16,108.0,5800.0,722.0,5800.0,6522.0,0.11070223857712358,0.8892977614228764,Medium
2021-W17,57.0,0.0,779.0,5800.0,6579.0,0.11840705274357805,0.8815929472564219,Medium
2021-W20,73.0,0.0,852.0,5800.0,6652.0,0.1280817799158148,0.8719182200841852,Medium
2021-W25,48.0,0.0,900.0,5800.0,6700.0,0.13432835820895522,0.8656716417910447,Medium
2021-W29,48.0,0.0,948.0,5800.0,6748.0,0.14048606994665086,0.8595139300533492,Medium
2021-W33,48.0,0.0,996.0,5800.0,6796.0,0.14655679811653913,0.8534432018834609,Medium
2021-W38,80.0,0.0,1076.0,5800.0,6876.0,0.15648632926119838,0.8435136707388017,Medium
2021-W42,80.0,0.0,1156.0,5800.0,6956.0,0.16618746405980447,0.8338125359401956,Medium
2021-W47,80.0,0.0,1236.0,5800.0,7036.0,0.17566799317794202,0.824332006822058,Medium
2021-W51,80.0,0.0,1316.0,5800.0,7116.0,0.1849353569421023,0.8150646430578977,Medium
2022-W03,48.0,0.0,1364.0,5800.0,7164.0,0.1903964265773311,0.8096035734226689,Medium
2022-W04,32.0,0.0,1396.0,5800.0,7196.0,0.19399666481378544,0.8060033351862146,Medium
2022-W08,80.0,0.0,1476.0,5800.0,7276.0,0.2028587135788895,0.7971412864211105,Medium
2022-W12,80.0,0.0,1556.0,5800.0,7356.0,0.2115280043501903,0.7884719956498096,Medium
2022-W14,15.0,0.0,1571.0,5800.0,7371.0,0.2131325464658798,0.7868674535341202,Medium
2022-W16,110.0,0.0,1681.0,5800.0,7481.0,0.22470257986900147,0.7752974201309986,Medium
2022-W20,80.0,0.0,1761.0,5800.0,7561.0,0.23290570030419255,0.7670942996958074,Medium
2022-W21,0.0,365.0,1761.0,6165.0,7926.0,0.22218016654049963,0.7778198334595003,Medium
2022-W25,80.0,0.0,1841.0,6165.0,8006.0,0.22995253559830128,0.7700474644016987,Medium
2022-W29,80.0,0.0,1921.0,6165.0,8086.0,0.23757111056146427,0.7624288894385357,Medium
2022-W34,48.0,0.0,1969.0,6165.0,8134.0,0.24207032210474552,0.7579296778952544,Medium
2022-W38,16.0,0.0,1985.0,6165.0,8150.0,0.24355828220858897,0.756441717791411,Medium
2022-W42,16.0,0.0,2001.0,6165.0,8166.0,0.24504041146216018,0.7549595885378398,Medium
2022-W44,0.0,50.0,2001.0,6215.0,8216.0,0.2435491723466407,0.7564508276533592,Medium
2022-W45,0.0,2025.0,2001.0,8240.0,10241.0,0.19539107509032322,0.8046089249096768,Medium
2022-W46,300.0,1720.0,2301.0,9960.0,12261.0,0.18766821629557132,0.8123317837044287,Medium
2022-W47,16.0,1250.0,2317.0,11210.0,13527.0,0.17128705551859244,0.8287129444814075,Medium
2022-W48,0.0,1547.0,2317.0,12757.0,15074.0,0.15370837203131218,0.8462916279686878,Medium
2022-W49,0.0,1957.0,2317.0,14714.0,17031.0,0.13604603370324703,0.863953966296753,Medium
2022-W50,2050.0,1065.0,4367.0,15779.0,20146.0,0.2167675965452199,0.7832324034547801,Medium
2022-W51,1016.0,1172.0,5383.0,16951.0,22334.0,0.24102265604011822,0.7589773439598818,Medium
2022-W52,2936.0,3293.0,8319.0,20244.0,28563.0,0.2912509190211112,0.7087490809788888,Medium
2023-W01,30655.0,36949.0,38974.0,57193.0,96167.0,0.4052741584951179,0.5947258415048822,Medium
2023-W02,81689.0,51235.0,120663.0,108428.0,229091.0,0.5267033624193006,0.4732966375806994,Medium
2023-W03,52128.0,29122.0,172791.0,137550.0,310341.0,0.5567778669270255,0.4432221330729746,Medium
2023-W04,112530.0,65456.0,285321.0,203006.0,488327.0,0.5842826630516027,0.4157173369483973,Medium
2023-W05,107101.0,64264.0,392422.0,267270.0,659692.0,0.5948563875263001,0.40514361247369984,Medium
2023-W06,103273.0,63200.0,495695.0,330470.0,826165.0,0.5999951583521451,0.4000048416478548,Medium
2023-W07,136695.0,65437.0,632390.0,395907.0,1028297.0,0.6149876932442669,0.385012306755733,Medium
2023-W08,136798.0,51460.0,769188.0,447367.0,1216555.0,0.6322673450850969,0.36773265491490315,Medium
2023-W09,180238.0,72552.0,949426.0,519919.0,1469345.0,0.6461559402318721,0.353844059768128,Medium
2023-W10,151163.0,106106.0,1100589.0,626025.0,1726614.0,0.6374261994863936,0.3625738005136064,Medium
2023-W11,159772.0,97647.0,1260361.0,723672.0,1984033.0,0.6352520346183758,0.3647479653816242,Medium
2023-W12,201858.0,73901.0,1462219.0,797573.0,2259792.0,0.6470591098649787,0.3529408901350213,Medium
2023-W13,487983.0,204198.0,1950202.0,1001771.0,2951973.0,0.6606435763470736,0.33935642365292634,Medium
2023-W14,120860.0,57791.0,2071062.0,1059562.0,3130624.0,0.661549263022324,0.338450736977676,Medium
2023-W15,119764.0,221431.0,2190826.0,1280993.0,3471819.0,0.6310311683875225,0.3689688316124775,Medium
2023-W16,152609.0,92095.0,2343435.0,1373088.0,3716523.0,0.6305450013359261,0.36945499866407394,Medium
2023-W17,342989.0,137897.0,2686424.0,1510985.0,4197409.0,0.6400195930394202,0.3599804069605797,Medium
2023-W18,167251.0,86147.0,2853675.0,1597132.0,4450807.0,0.6411590077934182,0.3588409922065819,Medium
2023-W19,183968.0,135952.0,3037643.0,1733084.0,4770727.0,0.6367253879754595,0.3632746120245405,Medium
2023-W20,192544.0,124607.0,3230187.0,1857691.0,5087878.0,0.634879020290974,0.365120979709026,Medium
2023-W21,181664.0,338120.0,3411851.0,2195811.0,5607662.0,0.608426649109736,0.39157335089026407,Medium
2023-W22,189206.0,138117.0,3601057.0,2333928.0,5934985.0,0.6067508173988645,0.39324918260113545,Medium
2023-W23,184902.0,143810.0,3785959.0,2477738.0,6263697.0,0.6044288221476869,0.3955711778523131,Medium
2023-W24,208169.0,173053.0,3994128.0,2650791.0,6644919.0,0.6010800131649461,0.398919986835054,Medium
2023-W25,278799.0,172814.0,4272927.0,2823605.0,7096532.0,0.6021148076271621,0.39788519237283787,Medium
2023-W26,559017.0,401114.0,4831944.0,3224719.0,8056663.0,0.5997450805625109,0.4002549194374892,Medium
2023-W27,141379.0,78304.0,4973323.0,3303023.0,8276346.0,0.6009080577346573,0.3990919422653427,Medium
2023-W28,174362.0,150189.0,5147685.0,3453212.0,8600897.0,0.5985055977300973,0.4014944022699028,Medium
2023-W29,184874.0,115277.0,5332559.0,3568489.0,8901048.0,0.5990933876550267,0.4009066123449733,Medium
2023-W30,274211.0,157478.0,5606770.0,3725967.0,9332737.0,0.6007637416547793,0.3992362583452207,Medium
2023-W31,218296.0,130896.0,5825066.0,3856863.0,9681929.0,0.6016431229768365,0.39835687702316347,Medium
2023-W32,196925.0,178895.0,6021991.0,4035758.0,10057749.0,0.598741428126711,0.40125857187328895,Medium
2023-W33,161169.0,173397.0,6183160.0,4209155.0,10392315.0,0.5949742670425213,0.4050257329574787,Medium
2023-W34,191667.0,169458.0,6374827.0,4378613.0,10753440.0,0.5928174612031126,0.4071825387968873,Medium
2023-W35,214074.0,146406.0,6588901.0,4525019.0,11113920.0,0.5928512172122887,0.40714878278771127,Medium
2023-W36,186247.0,117697.0,6775148.0,4642716.0,11417864.0,0.593381389023376,0.406618610976624,Medium
2023-W37,231001.0,156297.0,7006149.0,4799013.0,11805162.0,0.5934818175303312,0.40651818246966875,Medium
2023-W38,323515.0,192275.0,7329664.0,4991288.0,12320952.0,0.5948942906359833,0.4051057093640167,Medium
2023-W39,629839.0,323209.0,7959503.0,5314497.0,13274000.0,0.5996310833207774,0.40036891667922253,Medium
2023-W40,209099.0,133798.0,8168602.0,5448295.0,13616897.0,0.5998871842828803,0.4001128157171197,Medium
2023-W41,198647.0,198163.0,8367249.0,5646458.0,14013707.0,0.5970760627434268,0.40292393725657316,Medium
2023-W42,272451.0,171831.0,8639700.0,5818289.0,14457989.0,0.5975727329713697,0.40242726702863035,Medium
2023-W43,269204.0,161155.0,8908904.0,5979444.0,14888348.0,0.5983809620785329,0.4016190379214672,Medium
2023-W44,304149.0,181191.0,9213053.0,6160635.0,15373688.0,0.5992740974059054,0.4007259025940945,Medium
2023-W45,764744.0,227180.0,9977797.0,6387815.0,16365612.0,0.6096806523336861,0.390319347666314,Medium
2023-W46,287619.0,204645.0,10265416.0,6592460.0,16857876.0,0.6089388722517594,0.39106112774824064,Medium
2023-W47,227187.0,147142.0,10492603.0,6739602.0,17232205.0,0.6088949731041384,0.3911050268958616,Medium
2023-W48,409479.0,245107.0,10902082.0,6984709.0,17886791.0,0.6095046338943637,0.3904953661056363,Medium
2023-W49,325919.0,218219.0,11228001.0,7202928.0,18430929.0,0.6091934378348481,0.39080656216515186,Medium
2023-W50,394404.0,204352.0,11622405.0,7407280.0,19029685.0,0.6107513077594295,0.38924869224057046,Medium
2023-W51,329063.0,206360.0,11951468.0,7613640.0,19565108.0,0.6108562242539116,0.3891437757460884,Medium
2023-W52,600207.0,277356.0,12551675.0,7890996.0,20442671.0,0.6139938856326553,0.38600611436734467,Medium
2024-W01,498054.0,128846.0,13049729.0,8019842.0,21069571.0,0.6193637734721794,0.38063622652782064,Medium
2024-W02,336855.0,167895.0,13386584.0,8187737.0,21574321.0,0.620486920538542,0.3795130794614579,Medium
2024-W03,339817.0,139758.0,13726401.0,8327495.0,22053896.0,0.6224025451103968,0.37759745488960317,Medium
2024-W04,376909.0,210957.0,14103310.0,8538452.0,22641762.0,0.6228892433371572,0.37711075666284277,Medium
2024-W05,530300.0,202129.0,14633610.0,8740581.0,23374191.0,0.626058459092766,0.37394154090723397,Medium
2024-W06,536083.0,203292.0,15169693.0,8943873.0,24113566.0,0.6290937225958201,0.37090627740417986,Medium
2024-W07,430297.0,284896.0,15599990.0,9228769.0,24828759.0,0.6283032510807326,0.37169674891926735,Medium
2024-W08,415089.0,211548.0,16015079.0,9440317.0,25455396.0,0.629142795500019,0.37085720449998105,Medium
2024-W09,621268.0,271932.0,16636347.0,9712249.0,26348596.0,0.6313940598580661,0.36860594014193393,Medium
2024-W10,1005895.0,196565.0,17642242.0,9908814.0,27551056.0,0.6403472157292265,0.3596527842707735,Medium
2024-W11,550211.0,209033.0,18192453.0,10117847.0,28310300.0,0.6426089797706135,0.35739102022938646,Medium
2024-W12,575387.0,212921.0,18767840.0,10330768.0,29098608.0,0.644973807681797,0.355026192318203,Medium
2024-W13,1014861.0,363843.0,19782701.0,10694611.0,30477312.0,0.6490959898300742,0.35090401016992573,Medium
2024-W14,431881.0,158447.0,20214582.0,10853058.0,31067640.0,0.6506635843598033,0.3493364156401967,Medium
2024-W15,472425.0,171930.0,20687007.0,11024988.0,31711995.0,0.65234013186493,0.34765986813507005,Medium
2024-W16,524906.0,189971.0,21211913.0,11214959.0,32426872.0,0.6541461353410838,0.3458538646589162,Medium
2024-W17,580860.0,221615.0,21792773.0,11436574.0,33229347.0,0.6558291079267974,0.3441708920732026,Medium
2024-W18,644492.0,259318.0,22437265.0,11695892.0,34133157.0,0.6573451439021594,0.3426548560978406,Medium
2024-W19,506443.0,172294.0,22943708.0,11868186.0,34811894.0,0.6590766937300223,0.34092330626997774,Medium
2024-W20,590068.0,223215.0,23533776.0,12091401.0,35625177.0,0.6605939389437981,0.3394060610562019,Medium
2024-W21,602316.0,253484.0,24136092.0,12344885.0,36480977.0,0.6616076099058421,0.33839239009415784,Medium
2024-W22,1007971.0,188968.0,25144063.0,12533853.0,37677916.0,0.6673421905818783,0.33265780941812173,Medium
2024-W23,745550.0,255705.0,25889613.0,12789558.0,38679171.0,0.6693424996104492,0.3306575003895508,Medium
2024-W24,741199.0,296213.0,26630812.0,13085771.0,39716583.0,0.6705212278709878,0.3294787721290122,Medium
2024-W25,920571.0,251083.0,27551383.0,13336854.0,40888237.0,0.6738217399786642,0.3261782600213357,Medium
2024-W26,1975445.0,399852.0,29526828.0,13736706.0,43263534.0,0.6824876580817462,0.31751234191825384,Medium
2024-W27,735676.0,245304.0,30262504.0,13982010.0,44244514.0,0.6839831939390271,0.3160168060609729,Medium
2024-W28,860659.0,215923.0,31123163.0,14197933.0,45321096.0,0.6867257358471649,0.31327426415283516,Medium
2024-W29,2014239.0,281327.0,33137402.0,14479260.0,47616662.0,0.6959203062155008,0.3040796937844992,Medium
2024-W30,3137939.0,312953.0,36275341.0,14792213.0,51067554.0,0.7103402876903013,0.2896597123096986,Medium
2024-W31,2238505.0,544303.0,38513846.0,15336516.0,53850362.0,0.715201246000909,0.28479875399909105,Medium
2024-W32,2148733.0,297545.0,40662579.0,15634061.0,56296640.0,0.7222914014051283,0.27770859859487174,Medium
2024-W33,1521862.0,354905.0,42184441.0,15988966.0,58173407.0,0.7251499125708762,0.27485008742912376,Medium
2024-W34,2353974.0,381807.0,44538415.0,16370773.0,60909188.0,0.7312265433582861,0.26877345664171387,Medium
2024-W35,2236482.0,523872.0,46774897.0,16894645.0,63669542.0,0.7346510675386985,0.26534893246130153,Medium
2024-W36,1912266.0,411998.0,48687163.0,17306643.0,65993806.0,0.7377535249292941,0.26224647507070586,Medium
2024-W37,2995853.0,470476.0,51683016.0,17777119.0,69460135.0,0.7440673128550642,0.2559326871449357,Medium
2024-W38,2393215.0,495445.0,54076231.0,18272564.0,72348795.0,0.7474378944390159,0.25256210556098413,Medium
2024-W39,2624534.0,612961.0,56700765.0,18885525.0,75586290.0,0.7501461574579199,0.24985384254208004,Medium
2024-W40,2900881.0,974042.0,59601646.0,19859567.0,79461213.0,0.7500721893082604,0.24992781069173964,Medium
2024-W41,3050980.0,743709.0,62652626.0,20603276.0,83255902.0,0.7525307455079882,0.24746925449201188,Medium
2024-W42,3201848.0,1005014.0,65854474.0,21608290.0,87462764.0,0.7529429781112337,0.2470570218887663,Medium
2024-W43,3386109.0,921896.0,69240583.0,22530186.0,91770769.0,0.754494963423484,0.24550503657651598,Medium
2024-W44,3562940.0,1001346.0,72803523.0,23531532.0,96335055.0,0.7557324070661505,0.24426759293384948,Medium
2024-W45,740994.0,686941.0,73544517.0,24218473.0,97762990.0,0.7522736057888573,0.24772639421114268,Medium
2024-W46,49991.0,83397.0,73594508.0,24301870.0,97896378.0,0.7517592530338558,0.24824074696614415,Medium
2024-W47,74329.0,76162.0,73668837.0,24378032.0,98046869.0,0.7513634831113271,0.24863651688867291,Medium
2024-W48,125601.0,131872.0,73794438.0,24509904.0,98304342.0,0.7506732306900543,0.24932676930994563,Medium
2024-W49,35343.0,58342.0,73829781.0,24568246.0,98398027.0,0.750317696918862,0.249682303081138,Medium
2024-W50,62493.0,67141.0,73892274.0,24635387.0,98527661.0,0.749964763702246,0.250035236297754,Medium
2024-W51,27971.0,56298.0,73920245.0,24691685.0,98611930.0,0.7496075272028445,0.2503924727971555,Medium
2024-W52,22270.0,52210.0,73942515.0,24743895.0,98686410.0,0.7492674523270225,0.2507325476729775,Medium
2025-W01,19964.0,38677.0,73962479.0,24782572.0,98745051.0,0.7490246675754919,0.25097533242450804,Medium
2025-W02,25046.0,49673.0,73987525.0,24832245.0,98819770.0,0.7487117709340955,0.25128822906590453,Medium
2025-W03,48149.0,72005.0,74035674.0,24904250.0,98939924.0,0.7482891739435741,0.2517108260564259,Medium
2025-W04,83143.0,54427.0,74118817.0,24958677.0,99077494.0,0.7480893390379858,0.25191066096201425,Medium
2025-W05,136640.0,76797.0,74255457.0,25035474.0,99290931.0,0.7478573949518108,0.25214260504818914,Medium
2025-W06,158426.0,62502.0,74413883.0,25097976.0,99511859.0,0.7477890951670393,0.25221090483296066,Medium
2025-W07,122731.0,71770.0,74536614.0,25169746.0,99706360.0,0.7475612789394779,0.2524387210605221,Medium
2025-W08,171217.0,83216.0,74707831.0,25252962.0,99960793.0,0.7473713318780895,0.25262866812191054,Medium
2025-W09,292090.0,79052.0,74999921.0,25332014.0,100331935.0,0.7475179363380164,0.2524820636619836,Medium
2025-W10,214108.0,121767.0,75214029.0,25453781.0,100667810.0,0.7471507426256715,0.2528492573743285,Medium
2025-W11,233843.0,114254.0,75447872.0,25568035.0,101015907.0,0.7468910020280272,0.2531089979719729,Medium
2025-W12,276889.0,125400.0,75724761.0,25693435.0,101418196.0,0.7466585286135439,0.25334147138645613,Medium
2025-W13,417847.0,142807.0,76142608.0,25836242.0,101978850.0,0.7466509771388872,0.2533490228611129,Medium
2025-W14,374190.0,176136.0,76516798.0,26012378.0,102529176.0,0.7462929186127468,0.2537070813872531,Medium
2025-W15,101118.0,83951.0,76617916.0,26096329.0,102714245.0,0.7459327184851526,0.2540672815148473,Medium
2025-W16,116724.0,93975.0,76734640.0,26190304.0,102924944.0,0.7455397789674775,0.25446022103252247,Medium
2025-W17,175013.0,86757.0,76909653.0,26277061.0,103186714.0,0.745344531467491,0.2546554685325089,Medium
2025-W18,155175.0,61983.0,77064828.0,26339044.0,103403872.0,0.745279905959421,0.25472009404057905,Medium
2025-W19,165568.0,77724.0,77230396.0,26416768.0,103647164.0,0.7451279226511205,0.2548720773488795,Medium
2025-W20,137732.0,73165.0,77368128.0,26489933.0,103858061.0,0.7449410017389021,0.2550589982610979,Medium
2025-W21,239822.0,86709.0,77607950.0,26576642.0,104184592.0,0.7449081338246254,0.25509186617537455,Medium
2025-W22,179526.0,79806.0,77787476.0,26656448.0,104443924.0,0.7447774175930043,0.25522258240699575,Medium
2025-W23,169307.0,69358.0,77956783.0,26725806.0,104682589.0,0.744696742263415,0.255303257736585,Medium
2025-W24,206903.0,98259.0,78163686.0,26824065.0,104987751.0,0.7445029087250379,0.2554970912749622,Medium
2025-W25,199597.0,119701.0,78363283.0,26943766.0,105307049.0,0.7441409074144695,0.2558590925855305,Medium
2025-W26,340809.0,117932.0,78704092.0,27061698.0,105765790.0,0.7441356226810201,0.25586437731898,Medium
2025-W27,195783.0,98373.0,78899875.0,27160071.0,106059946.0,0.7439177368617556,0.2560822631382445,Medium
2025-W28,4624.0,13469.0,78904499.0,27173540.0,106078039.0,0.7438344424900237,0.2561655575099762,Medium
2025-W29,950.0,9790.0,78905449.0,27183330.0,106088779.0,0.7437680944560593,0.2562319055439407,Medium
2025-W30,492.0,7577.0,78905941.0,27190907.0,106096848.0,0.7437161658186113,0.25628383418138867,Medium
2025-W31,0.0,7835.0,78905941.0,27198742.0,106104683.0,0.7436612482033428,0.25633875179665727,Medium
2025-W32,1250.0,10082.0,78907191.0,27208824.0,106116015.0,0.743593613084698,0.2564063869153021,Medium
2025-W33,700.0,8365.0,78907891.0,27217189.0,106125080.0,0.7435366927403023,0.2564633072596977,Medium
2025-W34,650.0,7141.0,78908541.0,27224330.0,106132871.0,0.7434882356098705,0.2565117643901294,Medium
2025-W35,825.0,7060.0,78909366.0,27231390.0,106140756.0,0.7434407759447276,0.25655922405527243,Medium
2025-W36,850.0,3500.0,78910216.0,27234890.0,106145106.0,0.7434183164318475,0.2565816835681525,Medium
2025-W37,2550.0,4750.0,78912766.0,27239640.0,106152406.0,0.7433912143263149,0.25660878567368506,Medium
2025-W38,1525.0,0.0,78914291.0,27239640.0,106153931.0,0.7433949007503076,0.25660509924969244,Medium
2021-W01,720.0,0.0,720.0,0.0,720.0,1.0,0.0,Large
2021-W02,335.0,0.0,1055.0,0.0,1055.0,1.0,0.0,Large
2021-W03,836.0,0.0,1891.0,0.0,1891.0,1.0,0.0,Large
2021-W04,44.0,0.0,1935.0,0.0,1935.0,1.0,0.0,Large
2021-W06,50.0,0.0,1985.0,0.0,1985.0,1.0,0.0,Large
2021-W07,10.0,0.0,1995.0,0.0,1995.0,1.0,0.0,Large
2021-W08,10.0,0.0,2005.0,0.0,2005.0,1.0,0.0,Large
2021-W10,50.0,0.0,2055.0,0.0,2055.0,1.0,0.0,Large
2021-W13,0.0,8700.0,2055.0,8700.0,10755.0,0.1910739191073919,0.8089260808926081,Large
2021-W14,61.0,0.0,2116.0,8700.0,10816.0,0.19563609467455623,0.8043639053254438,Large
2021-W15,552.0,0.0,2668.0,8700.0,11368.0,0.23469387755102042,0.7653061224489796,Large
2021-W16,21.0,0.0,2689.0,8700.0,11389.0,0.23610501360962333,0.7638949863903767,Large
2021-W17,76.0,0.0,2765.0,8700.0,11465.0,0.24116877453118185,0.7588312254688181,Large
2021-W19,50.0,0.0,2815.0,8700.0,11515.0,0.2444637429439861,0.7555362570560139,Large
2021-W20,505.0,0.0,3320.0,8700.0,12020.0,0.2762063227953411,0.7237936772046589,Large
2021-W23,50.0,0.0,3370.0,8700.0,12070.0,0.2792046396023198,0.7207953603976802,Large
2021-W25,5.0,0.0,3375.0,8700.0,12075.0,0.2795031055900621,0.7204968944099379,Large
2021-W27,50.0,0.0,3425.0,8700.0,12125.0,0.2824742268041237,0.7175257731958763,Large
2021-W29,5.0,0.0,3430.0,8700.0,12130.0,0.2827699917559769,0.717230008244023,Large
2021-W32,50.0,0.0,3480.0,8700.0,12180.0,0.2857142857142857,0.7142857142857143,Large
2021-W34,5.0,0.0,3485.0,8700.0,12185.0,0.2860073861304883,0.7139926138695117,Large
2021-W36,50.0,0.0,3535.0,8700.0,12235.0,0.2889252145484266,0.7110747854515733,Large
2021-W38,5.0,0.0,3540.0,8700.0,12240.0,0.28921568627450983,0.7107843137254902,Large
2021-W41,50.0,0.0,3590.0,8700.0,12290.0,0.2921074043938161,0.7078925956061839,Large
2021-W42,5.0,0.0,3595.0,8700.0,12295.0,0.2923952826352176,0.7076047173647825,Large
2021-W45,50.0,0.0,3645.0,8700.0,12345.0,0.29526123936816523,0.7047387606318347,Large
2021-W47,5.0,0.0,3650.0,8700.0,12350.0,0.29554655870445345,0.7044534412955465,Large
2021-W49,50.0,0.0,3700.0,8700.0,12400.0,0.29838709677419356,0.7016129032258065,Large
2021-W51,1005.0,0.0,4705.0,8700.0,13405.0,0.350988437150317,0.649011562849683,Large
2022-W02,50.0,0.0,4755.0,8700.0,13455.0,0.3534002229654404,0.6465997770345596,Large
2022-W03,5.0,0.0,4760.0,8700.0,13460.0,0.3536404160475483,0.6463595839524517,Large
2022-W04,0.0,100.0,4760.0,8800.0,13560.0,0.35103244837758113,0.6489675516224189,Large
2022-W05,50.0,0.0,4810.0,8800.0,13610.0,0.35341660543717857,0.6465833945628214,Large
2022-W06,50.0,0.0,4860.0,8800.0,13660.0,0.3557833089311859,0.6442166910688141,Large
2022-W08,5.0,0.0,4865.0,8800.0,13665.0,0.35601902671057445,0.6439809732894255,Large
2022-W09,0.0,12900.0,4865.0,21700.0,26565.0,0.1831357048748353,0.8168642951251647,Large
2022-W10,50.0,0.0,4915.0,21700.0,26615.0,0.1846702987037385,0.8153297012962615,Large
2022-W12,5.0,0.0,4920.0,21700.0,26620.0,0.18482344102178813,0.8151765589782118,Large
2022-W14,162.0,0.0,5082.0,21700.0,26782.0,0.1897543125980136,0.8102456874019864,Large
2022-W15,50.0,0.0,5132.0,21700.0,26832.0,0.19126416219439477,0.8087358378056052,Large
2022-W16,65.0,0.0,5197.0,21700.0,26897.0,0.19321857456221883,0.8067814254377812,Large
2022-W19,50.0,0.0,5247.0,21700.0,26947.0,0.19471555275169777,0.8052844472483022,Large
2022-W21,5.0,313.0,5252.0,22013.0,27265.0,0.19262791124151843,0.8073720887584815,Large
2022-W23,50.0,0.0,5302.0,22013.0,27315.0,0.19410580267252425,0.8058941973274757,Large
2022-W25,755.0,0.0,6057.0,22013.0,28070.0,0.21578197363733523,0.7842180263626648,Large
2022-W29,5.0,0.0,6062.0,22013.0,28075.0,0.21592163846838824,0.7840783615316117,Large
2022-W31,0.0,1000.0,6062.0,23013.0,29075.0,0.20849527085124678,0.7915047291487532,Large
2022-W32,2900.0,8700.0,8962.0,31713.0,40675.0,0.2203318992009834,0.7796681007990166,Large
2022-W34,5.0,0.0,8967.0,31713.0,40680.0,0.22042772861356932,0.7795722713864307,Large
2022-W38,5.0,0.0,8972.0,31713.0,40685.0,0.2205235344721642,0.7794764655278358,Large
2022-W40,500.0,250.0,9472.0,31963.0,41435.0,0.22859901049837095,0.771400989501629,Large
2022-W42,5705.0,0.0,15177.0,31963.0,47140.0,0.32195587611370385,0.6780441238862961,Large
2022-W43,250.0,5350.0,15427.0,37313.0,52740.0,0.29251042851725445,0.7074895714827455,Large
2022-W44,2900.0,0.0,18327.0,37313.0,55640.0,0.32938533429187633,0.6706146657081237,Large
2022-W45,1000.0,2622.0,19327.0,39935.0,59262.0,0.326128041578077,0.6738719584219229,Large
2022-W46,5800.0,2065.0,25127.0,42000.0,67127.0,0.3743203182028096,0.6256796817971904,Large
2022-W47,0.0,2008.0,25127.0,44008.0,69135.0,0.3634483257394952,0.6365516742605049,Large
2022-W48,0.0,897.0,25127.0,44905.0,70032.0,0.35879312314370576,0.6412068768562943,Large
2022-W49,0.0,3340.0,25127.0,48245.0,73372.0,0.3424603390939323,0.6575396609060677,Large
2022-W50,17450.0,429.0,42577.0,48674.0,91251.0,0.46659214693537604,0.5334078530646239,Large
2022-W51,7250.0,1714.0,49827.0,50388.0,100215.0,0.49720101781170484,0.5027989821882952,Large
2022-W52,11138.0,2359.0,60965.0,52747.0,113712.0,0.5361351484451948,0.4638648515548051,Large
2023-W01,110055.0,89540.0,171020.0,142287.0,313307.0,0.5458543856345374,0.45414561436546264,Large
2023-W02,375684.0,78451.0,546704.0,220738.0,767442.0,0.7123717492657425,0.28762825073425746,Large
2023-W03,318868.0,80676.0,865572.0,301414.0,1166986.0,0.7417158389218037,0.2582841610781963,Large
2023-W04,503455.0,89860.0,1369027.0,391274.0,1760301.0,0.7777232416501496,0.2222767583498504,Large
2023-W05,507174.0,96444.0,1876201.0,487718.0,2363919.0,0.7936824400497648,0.20631755995023518,Large
2023-W06,509151.0,143502.0,2385352.0,631220.0,3016572.0,0.7907492345616149,0.20925076543838503,Large
2023-W07,588524.0,204911.0,2973876.0,836131.0,3810007.0,0.780543447820437,0.21945655217956292,Large
2023-W08,737794.0,307557.0,3711670.0,1143688.0,4855358.0,0.7644482651948631,0.23555173480513691,Large
2023-W09,923700.0,282787.0,4635370.0,1426475.0,6061845.0,0.764679730346124,0.235320269653876,Large
2023-W10,894469.0,297536.0,5529839.0,1724011.0,7253850.0,0.762331589431819,0.23766841056818103,Large
2023-W11,945642.0,556356.0,6475481.0,2280367.0,8755848.0,0.739560691323102,0.260439308676898,Large
2023-W12,1014642.0,301639.0,7490123.0,2582006.0,10072129.0,0.7436484381802497,0.25635156181975033,Large
2023-W13,2490315.0,742806.0,9980438.0,3324812.0,13305250.0,0.750112775032412,0.24988722496758797,Large
2023-W14,433134.0,393559.0,10413572.0,3718371.0,14131943.0,0.7368818286346046,0.2631181713653954,Large
2023-W15,735705.0,782985.0,11149277.0,4501356.0,15650633.0,0.7123850517739442,0.28761494822605577,Large
2023-W16,506892.0,343371.0,11656169.0,4844727.0,16500896.0,0.7063961253982814,0.2936038746017186,Large
2023-W17,1021047.0,491414.0,12677216.0,5336141.0,18013357.0,0.7037675431625543,0.2962324568374457,Large
2023-W18,894405.0,345417.0,13571621.0,5681558.0,19253179.0,0.7049028630544597,0.29509713694554024,Large
2023-W19,770857.0,385966.0,14342478.0,6067524.0,20410002.0,0.7027181085038601,0.29728189149614,Large
2023-W20,748761.0,311180.0,15091239.0,6378704.0,21469943.0,0.7029007482693364,0.29709925173066365,Large
2023-W21,906782.0,792185.0,15998021.0,7170889.0,23168910.0,0.6904951937747611,0.3095048062252389,Large
2023-W22,988994.0,491025.0,16987015.0,7661914.0,24648929.0,0.6891583403076053,0.31084165969239475,Large
2023-W23,1071416.0,433864.0,18058431.0,8095778.0,26154209.0,0.690459841473317,0.30954015852668304,Large
2023-W24,948591.0,600339.0,19007022.0,8696117.0,27703139.0,0.6860963300945788,0.3139036699054212,Large
2023-W25,1144588.0,556239.0,20151610.0,9252356.0,29403966.0,0.6853364610746727,0.3146635389253273,Large
2023-W26,2637417.0,937856.0,22789027.0,10190212.0,32979239.0,0.6910113056277618,0.30898869437223825,Large
2023-W27,415979.0,286707.0,23205006.0,10476919.0,33681925.0,0.6889453616442647,0.3110546383557353,Large
2023-W28,591962.0,453864.0,23796968.0,10930783.0,34727751.0,0.6852435678889773,0.31475643211102267,Large
2023-W29,891842.0,485460.0,24688810.0,11416243.0,36105053.0,0.6838048402809435,0.3161951597190565,Large
2023-W30,1046005.0,389941.0,25734815.0,11806184.0,37540999.0,0.6855122582113491,0.31448774178865085,Large
2023-W31,738895.0,466451.0,26473710.0,12272635.0,38746345.0,0.6832569626889968,0.3167430373110031,Large
2023-W32,699120.0,449230.0,27172830.0,12721865.0,39894695.0,0.6811138673951511,0.3188861326048488,Large
2023-W33,702713.0,505929.0,27875543.0,13227794.0,41103337.0,0.6781819928634991,0.3218180071365009,Large
2023-W34,695194.0,494665.0,28570737.0,13722459.0,42293196.0,0.6755397960466265,0.3244602039533735,Large
2023-W35,775657.0,443466.0,29346394.0,14165925.0,43512319.0,0.6744387491735386,0.32556125082646137,Large
2023-W36,742537.0,664502.0,30088931.0,14830427.0,44919358.0,0.6698433000756601,0.33015669992434,Large
2023-W37,909358.0,485384.0,30998289.0,15315811.0,46314100.0,0.6693056542176141,0.33069434578238593,Large
2023-W38,1207563.0,680114.0,32205852.0,15995925.0,48201777.0,0.6681465706129465,0.33185342938705353,Large
2023-W39,2765472.0,1435043.0,34971324.0,17430968.0,52402292.0,0.6673624886483973,0.3326375113516027,Large
2023-W40,774480.0,326745.0,35745804.0,17757713.0,53503517.0,0.6681019492606439,0.3318980507393561,Large
2023-W41,868923.0,398653.0,36614727.0,18156366.0,54771093.0,0.6685045887252972,0.3314954112747029,Large
2023-W42,819435.0,778502.0,37434162.0,18934868.0,56369030.0,0.6640909378784768,0.3359090621215231,Large
2023-W43,907928.0,535266.0,38342090.0,19470134.0,57812224.0,0.6632176959668599,0.33678230403314013,Large
2023-W44,1118496.0,608698.0,39460586.0,20078832.0,59539418.0,0.6627640532193311,0.3372359467806689,Large
2023-W45,1232571.0,1049663.0,40693157.0,21128495.0,61821652.0,0.6582347071540566,0.34176529284594337,Large
2023-W46,1453848.0,639538.0,42147005.0,21768033.0,63915038.0,0.6594223569107477,0.3405776430892523,Large
2023-W47,942952.0,912040.0,43089957.0,22680073.0,65770030.0,0.6551609752952827,0.34483902470471733,Large
2023-W48,2026906.0,876764.0,45116863.0,23556837.0,68673700.0,0.6569744021364802,0.3430255978635198,Large
2023-W49,1844092.0,819659.0,46960955.0,24376496.0,71337451.0,0.6582931453494182,0.34170685465058176,Large
2023-W50,1946487.0,774805.0,48907442.0,25151301.0,74058743.0,0.6603871469976206,0.3396128530023795,Large
2023-W51,2255974.0,986271.0,51163416.0,26137572.0,77300988.0,0.6618727305270665,0.33812726947293353,Large
2023-W52,2519543.0,1502308.0,53682959.0,27639880.0,81322839.0,0.6601215557661483,0.3398784442338517,Large
2024-W01,1868308.0,815549.0,55551267.0,28455429.0,84006696.0,0.661271894326138,0.338728105673862,Large
2024-W02,1301937.0,642220.0,56853204.0,29097649.0,85950853.0,0.6614617774648496,0.3385382225351504,Large
2024-W03,1359490.0,576697.0,58212694.0,29674346.0,87887040.0,0.6623581133236481,0.3376418866763518,Large
2024-W04,1858319.0,867703.0,60071013.0,30542049.0,90613062.0,0.6629398860839731,0.3370601139160268,Large
2024-W05,1876151.0,640173.0,61947164.0,31182222.0,93129386.0,0.6651731173230327,0.3348268826769673,Large
2024-W06,2206206.0,869542.0,64153370.0,32051764.0,96205134.0,0.6668393601530662,0.3331606398469337,Large
2024-W07,1759042.0,1153188.0,65912412.0,33204952.0,99117364.0,0.6649935928481714,0.3350064071518286,Large
2024-W08,2004914.0,1015464.0,67917326.0,34220416.0,102137742.0,0.6649581699192058,0.33504183008079425,Large
2024-W09,2614801.0,995828.0,70532127.0,35216244.0,105748371.0,0.6669807424267556,0.3330192575732443,Large
2024-W10,3452050.0,1520063.0,73984177.0,36736307.0,110720484.0,0.6682067701221392,0.3317932298778607,Large
2024-W11,2316882.0,825680.0,76301059.0,37561987.0,113863046.0,0.6701125754180158,0.3298874245819842,Large
2024-W12,2637206.0,1100435.0,78938265.0,38662422.0,117600687.0,0.6712398287265108,0.3287601712734892,Large
2024-W13,4606651.0,1856534.0,83544916.0,40518956.0,124063872.0,0.6734024551482642,0.3265975448517357,Large
2024-W14,1759032.0,572885.0,85303948.0,41091841.0,126395789.0,0.6748954903869464,0.32510450961305365,Large
2024-W15,1941055.0,741917.0,87245003.0,41833758.0,129078761.0,0.6759051785444392,0.3240948214555608,Large
2024-W16,2262404.0,755132.0,89507407.0,42588890.0,132096297.0,0.6775920978314782,0.3224079021685218,Large
2024-W17,2372450.0,754528.0,91879857.0,43343418.0,135223275.0,0.6794677691395953,0.3205322308604048,Large
2024-W18,2518975.0,819173.0,94398832.0,44162591.0,138561423.0,0.6812778763104937,0.31872212368950625,Large
2024-W19,2027371.0,632413.0,96426203.0,44795004.0,141221207.0,0.6828025694469528,0.31719743055304717,Large
2024-W20,2314959.0,911531.0,98741162.0,45706535.0,144447697.0,0.6835772674174238,0.31642273258257625,Large
2024-W21,2256348.0,1190117.0,100997510.0,46896652.0,147894162.0,0.6829039675007591,0.3170960324992409,Large
2024-W22,2576093.0,993191.0,103573603.0,47889843.0,151463446.0,0.6838191374570998,0.3161808625429003,Large
2024-W23,3006862.0,1236541.0,106580465.0,49126384.0,155706849.0,0.6844943924078767,0.3155056075921233,Large
2024-W24,2872161.0,977460.0,109452626.0,50103844.0,159556470.0,0.6859804933012118,0.3140195066987882,Large
2024-W25,3260284.0,1013784.0,112712910.0,51117628.0,163830538.0,0.6879847394507121,0.3120152605492878,Large
2024-W26,7160765.0,1493826.0,119873675.0,52611454.0,172485129.0,0.6949797683717998,0.30502023162820024,Large
2024-W27,2465331.0,719914.0,122339006.0,53331368.0,175670374.0,0.6964122817886185,0.30358771821138153,Large
2024-W28,2557243.0,711493.0,124896249.0,54042861.0,178939110.0,0.6979818386265585,0.3020181613734415,Large
2024-W29,4820177.0,886707.0,129716426.0,54929568.0,184645994.0,0.7025141633996133,0.2974858366003868,Large
2024-W30,7216639.0,1275308.0,136933065.0,56204876.0,193137941.0,0.7089910159081586,0.2910089840918414,Large
2024-W31,5683016.0,1607802.0,142616081.0,57812678.0,200428759.0,0.7115549769980863,0.2884450230019136,Large
2024-W32,5564824.0,1112150.0,148180905.0,58924828.0,207105733.0,0.7154843222036736,0.28451567779632636,Large
2024-W33,4963261.0,1270900.0,153144166.0,60195728.0,213339894.0,0.7178412022647765,0.2821587977352234,Large
2024-W34,5927101.0,1115769.0,159071267.0,61311497.0,220382764.0,0.7217954077388739,0.2782045922611262,Large
2024-W35,6160494.0,1508401.0,165231761.0,62819898.0,228051659.0,0.7245365445905395,0.27546345540946054,Large
2024-W36,5617264.0,1379108.0,170849025.0,64199006.0,235048031.0,0.7268685650040608,0.27313143499593917,Large
2024-W37,7069749.0,1345912.0,177918774.0,65544918.0,243463692.0,0.730781549143681,0.26921845085631907,Large
2024-W38,7163064.0,1662736.0,185081838.0,67207654.0,252289492.0,0.7336089843963854,0.2663910156036146,Large
2024-W39,8243355.0,2004541.0,193325193.0,69212195.0,262537388.0,0.7363720438934206,0.26362795610657935,Large
2024-W40,7915965.0,2290360.0,201241158.0,71502555.0,272743713.0,0.7378397682809282,0.26216023171907177,Large
2024-W41,7006617.0,1922259.0,208247775.0,73424814.0,281672589.0,0.7393256679300093,0.2606743320699907,Large
2024-W42,7327578.0,2715814.0,215575353.0,76140628.0,291715981.0,0.7389905491670681,0.2610094508329319,Large
2024-W43,6796004.0,2311717.0,222371357.0,78452345.0,300823702.0,0.739208232335363,0.260791767664637,Large
2024-W44,7307467.0,2459703.0,229678824.0,80912048.0,310590872.0,0.7394899358149842,0.2605100641850157,Large
2024-W45,1581329.0,1378701.0,231260153.0,82290749.0,313550902.0,0.7375521853864736,0.26244781461352645,Large
2024-W46,289523.0,227694.0,231549676.0,82518443.0,314068119.0,0.7372594096378181,0.2627405903621819,Large
2024-W47,280354.0,198802.0,231830030.0,82717245.0,314547275.0,0.737027621682623,0.2629723783173769,Large
2024-W48,389656.0,276361.0,232219686.0,82993606.0,315213292.0,0.7367065155361532,0.26329348446384676,Large
2024-W49,113147.0,147810.0,232332833.0,83141416.0,315474249.0,0.7364557764586358,0.26354422354136425,Large
2024-W50,193180.0,218511.0,232526013.0,83359927.0,315885940.0,0.736107510831283,0.26389248916871705,Large
2024-W51,127794.0,170673.0,232653807.0,83530600.0,316184407.0,0.7358168266659653,0.2641831733340348,Large
2024-W52,102231.0,140819.0,232756038.0,83671419.0,316427457.0,0.7355747197374215,0.2644252802625785,Large
2025-W01,56756.0,90314.0,232812794.0,83761733.0,316574527.0,0.7354122778172862,0.2645877221827137,Large
2025-W02,149365.0,126026.0,232962159.0,83887759.0,316849918.0,0.7352444983116581,0.26475550168834194,Large
2025-W03,196124.0,180948.0,233158283.0,84068707.0,317226990.0,0.7349887946167506,0.2650112053832494,Large
2025-W04,228271.0,144730.0,233386554.0,84213437.0,317599991.0,0.7348443344256895,0.2651556655743104,Large
2025-W05,397848.0,237114.0,233784402.0,84450551.0,318234953.0,0.7346282983566548,0.2653717016433453,Large
2025-W06,466631.0,308670.0,234251033.0,84759221.0,319010254.0,0.7343056533850476,0.2656943466149524,Large
2025-W07,429582.0,190532.0,234680615.0,84949753.0,319630368.0,0.7342250252016104,0.26577497479838963,Large
2025-W08,557486.0,298016.0,235238101.0,85247769.0,320485870.0,0.7340045943367176,0.26599540566328245,Large
2025-W09,746628.0,266460.0,235984729.0,85514229.0,321498958.0,0.7340139777373711,0.2659860222626289,Large
2025-W10,772081.0,326089.0,236756810.0,85840318.0,322597128.0,0.733908610618505,0.26609138938149507,Large
2025-W11,769062.0,323780.0,237525872.0,86164098.0,323689970.0,0.7338067101677571,0.2661932898322429,Large
2025-W12,1048783.0,495069.0,238574655.0,86659167.0,325233822.0,0.7335481086588835,0.2664518913411164,Large
2025-W13,1616768.0,1067161.0,240191423.0,87726328.0,327917751.0,0.7324745984855209,0.2675254015144792,Large
2025-W14,1550278.0,961639.0,241741701.0,88687967.0,330429668.0,0.7315980506931963,0.2684019493068038,Large
2025-W15,397244.0,512948.0,242138945.0,89200915.0,331339860.0,0.7307872496837537,0.2692127503162463,Large
2025-W16,471500.0,353454.0,242610445.0,89554369.0,332164814.0,0.7303917656973745,0.2696082343026254,Large
2025-W17,612337.0,495420.0,243222782.0,90049789.0,333272571.0,0.7298013793040292,0.2701986206959708,Large
2025-W18,602998.0,314504.0,243825780.0,90364293.0,334190073.0,0.7296021028129103,0.2703978971870897,Large
2025-W19,671027.0,200735.0,244496807.0,90565028.0,335061835.0,0.7297065241703818,0.27029347582961816,Large
2025-W20,789498.0,239003.0,245286305.0,90804031.0,336090336.0,0.7298225468762065,0.2701774531237935,Large
2025-W21,762926.0,216803.0,246049231.0,91020834.0,337070065.0,0.7299646469644226,0.27003535303557735,Large
2025-W22,640443.0,253485.0,246689674.0,91274319.0,337963993.0,0.729928865528583,0.2700711344714169,Large
2025-W23,726604.0,304166.0,247416278.0,91578485.0,338994763.0,0.7298528030652792,0.2701471969347208,Large
2025-W24,746281.0,312194.0,248162559.0,91890679.0,340053238.0,0.7297756094297211,0.27022439057027886,Large
2025-W25,1077921.0,528075.0,249240480.0,92418754.0,341659234.0,0.7295002013614537,0.2704997986385464,Large
2025-W26,1417505.0,814566.0,250657985.0,93233320.0,343891305.0,0.7288872424384211,0.27111275756157893,Large
2025-W27,1363340.0,455055.0,252021325.0,93688375.0,345709700.0,0.7289969734722515,0.27100302652774855,Large
2025-W28,13349.0,10594.0,252034674.0,93698969.0,345733643.0,0.7289850990868135,0.27101490091318653,Large
2025-W29,8064.0,62049.0,252042738.0,93761018.0,345803756.0,0.7288606142265268,0.2711393857734732,Large
2025-W30,3625.0,58068.0,252046363.0,93819086.0,345865449.0,0.7287410862482537,0.27125891375174627,Large
2025-W31,2650.0,10815.0,252049013.0,93829901.0,345878914.0,0.728720378137882,0.2712796218621179,Large
2025-W32,8750.0,9744.0,252057763.0,93839645.0,345897408.0,0.7287067123671537,0.2712932876328463,Large
2025-W33,2270.0,16060.0,252060033.0,93855705.0,345915738.0,0.7286746606481374,0.2713253393518626,Large
2025-W34,1035.0,78606.0,252061068.0,93934311.0,345995379.0,0.7285099261397939,0.27149007386020607,Large
2025-W35,3687.0,12858.0,252064755.0,93947169.0,346011924.0,0.7284857472137289,0.271514252786271,Large
2025-W36,3242.0,1500.0,252067997.0,93948669.0,346016666.0,0.7284851331409569,0.27151486685904314,Large
2025-W37,4150.0,1000.0,252072147.0,93949669.0,346021816.0,0.728486284228969,0.27151371577103106,Large
2025-W38,560.0,0.0,252072707.0,93949669.0,346022376.0,0.728486723644716,0.27151327635528405,Large
